Issue key,Issue id,Summary,Description,Issue Type,Priority,Component,Labels,Story Points,Epic Link,Status,Project key,Project name,Creator,Created,Updated
"STR-1","10001","Project Setup & Repository","Initialize Git repository with proper structure, set up development environment, configure code quality tools","Task","High","Infrastructure","setup,infrastructure","2","Foundation","To Do","STR","Strava Vagabond","admin","2025-08-29T11:50:23.000Z","2025-08-29T11:50:23.000Z"
"STR-2","10002","Development Environment Setup","Configure Node.js, PostgreSQL, Redis, install development tools, set up VS Code","Task","High","Infrastructure","setup,infrastructure","3","Foundation","To Do","STR","Strava Vagabond","admin","2025-08-29T11:50:23.000Z","2025-08-29T11:50:23.000Z"
"STR-3","10003","Code Quality Tools Configuration","Set up ESLint, Prettier, Husky pre-commit hooks, configure testing framework","Task","Medium","Infrastructure","setup,quality","2","Foundation","To Do","STR","Strava Vagabond","admin","2025-08-29T11:50:23.000Z","2025-08-29T11:50:23.000Z"
"STR-4","10004","Database Connection Setup","Establish Neon PostgreSQL connection, test connectivity, set up basic schema","Task","High","Database","database,infrastructure","2","Foundation","To Do","STR","Strava Vagabond","admin","2025-08-29T11:50:23.000Z","2025-08-29T11:50:23.000Z"
"STR-5","10005","Redis Connection Setup","Configure Upstash Redis connection, test connectivity, basic configuration","Task","High","Database","database,infrastructure","1","Foundation","To Do","STR","Strava Vagabond","admin","2025-08-29T11:50:23.000Z","2025-08-29T11:50:23.000Z"
"STR-6","10006","Environment Configuration","Set up environment variables, configuration management, health check endpoints","Task","Medium","Infrastructure","setup,infrastructure","2","Foundation","To Do","STR","Strava Vagabond","admin","2025-08-29T11:50:23.000Z","2025-08-29T11:50:23.000Z"
"STR-7","10007","Health Check Endpoints","Implement basic health check endpoints for infrastructure monitoring","Task","Medium","API","api,monitoring","1","Foundation","To Do","STR","Strava Vagabond","admin","2025-08-29T11:50:23.000Z","2025-08-29T11:50:23.000Z"
"STR-8","10008","Logging System Setup","Configure Winston logger with basic configuration and structured logging","Task","Medium","Infrastructure","logging,infrastructure","2","Foundation","To Do","STR","Strava Vagabond","admin","2025-08-29T11:50:23.000Z","2025-08-29T11:50:23.000Z"
"STR-9","10009","Strava OAuth Implementation","Implement complete Strava OAuth 2.0 flow with proper error handling","Task","High","Authentication","auth,strava","4","Authentication","To Do","STR","Strava Vagabond","admin","2025-08-29T11:50:23.000Z","2025-08-29T11:50:23.000Z"
"STR-10","10010","Token Management System","Store and encrypt Strava tokens, implement token refresh logic","Task","High","Security","auth,security","3","Authentication","To Do","STR","Strava Vagabond","admin","2025-08-29T11:50:23.000Z","2025-08-29T11:50:23.000Z"
"STR-11","10011","User Registration System","Create user registration and profile management endpoints","Task","High","API","auth,api","3","Authentication","To Do","STR","Strava Vagabond","admin","2025-08-29T11:50:23.000Z","2025-08-29T11:50:23.000Z"
"STR-12","10012","JWT Authentication System","Implement JWT token generation, validation, and session management","Task","High","Security","auth,security","3","Authentication","To Do","STR","Strava Vagabond","admin","2025-08-29T11:50:23.000Z","2025-08-29T11:50:23.000Z"
"STR-13","10013","Authentication Middleware","Create JWT validation middleware for protected routes","Task","High","Middleware","auth,middleware","2","Authentication","To Do","STR","Strava Vagabond","admin","2025-08-29T11:50:23.000Z","2025-08-29T11:50:23.000Z"
"STR-14","10014","User Management Endpoints","Implement CRUD operations for user management and profile updates","Task","Medium","API","api,user","3","Authentication","To Do","STR","Strava Vagabond","admin","2025-08-29T11:50:23.000Z","2025-08-29T11:50:23.000Z"
"STR-15","10015","Security Implementation","Implement password hashing, token encryption, rate limiting","Task","High","Security","security,auth","4","Authentication","To Do","STR","Strava Vagabond","admin","2025-08-29T11:50:23.000Z","2025-08-29T11:50:23.000Z"
"STR-16","10016","Database Schema Implementation","Create all database tables, relationships, and PostGIS integration","Task","High","Database","database,schema","6","Data Models","To Do","STR","Strava Vagabond","admin","2025-08-29T11:50:23.000Z","2025-08-29T11:50:23.000Z"
"STR-17","10017","PostGIS Spatial Functions","Implement spatial data types, functions, and spatial indexing","Task","High","Database","database,postgis","4","Data Models","To Do","STR","Strava Vagabond","admin","2025-08-29T11:50:23.000Z","2025-08-29T11:50:23.000Z"
"STR-18","10018","Database Migration System","Set up migration system, create seed data, implement rollback","Task","Medium","Database","database,migrations","3","Data Models","To Do","STR","Strava Vagabond","admin","2025-08-29T11:50:23.000Z","2025-08-29T11:50:23.000Z"
"STR-19","10019","Database Performance Optimization","Create proper indexes, optimize queries, implement data validation","Task","Medium","Database","database,performance","4","Data Models","To Do","STR","Strava Vagabond","admin","2025-08-29T11:50:23.000Z","2025-08-29T11:50:23.000Z"
"STR-20","10020","Express.js Application Structure","Set up Express.js application structure and middleware stack","Task","Medium","API","api,express","2","API Structure","To Do","STR","Strava Vagabond","admin","2025-08-29T11:50:23.000Z","2025-08-29T11:50:23.000Z"
"STR-21","10021","API Route Organization","Organize API routes, implement global error handling","Task","Medium","API","api,structure","3","API Structure","To Do","STR","Strava Vagabond","admin","2025-08-29T11:50:23.000Z","2025-08-29T11:50:23.000Z"
"STR-22","10022","Request Validation System","Implement input validation, sanitization, and response formatting","Task","Medium","API","api,validation","3","API Structure","To Do","STR","Strava Vagabond","admin","2025-08-29T11:50:23.000Z","2025-08-29T11:50:23.000Z"
"STR-23","10023","Strava API Client","Build robust Strava API client with rate limiting and error handling","Task","High","Integration","strava,api","4","Strava Integration","To Do","STR","Strava Vagabond","admin","2025-08-29T11:50:23.000Z","2025-08-29T11:50:23.000Z"
"STR-24","10024","Webhook Endpoint Setup","Create Strava webhook endpoint and implement event processing","Task","High","Integration","strava,webhooks","3","Strava Integration","To Do","STR","Strava Vagabond","admin","2025-08-29T11:50:23.000Z","2025-08-29T11:50:23.000Z"
"STR-25","10025","Activity Data Fetching","Implement user activity fetching from Strava with pagination","Task","High","Integration","strava,data","3","Strava Integration","To Do","STR","Strava Vagabond","admin","2025-08-29T11:50:23.000Z","2025-08-29T11:50:23.000Z"
"STR-26","10026","Data Processing Pipeline","Create activity parsing, GPS processing, and data storage pipeline","Task","High","Processing","strava,processing","4","Strava Integration","To Do","STR","Strava Vagabond","admin","2025-08-29T11:50:23.000Z","2025-08-29T11:50:23.000Z"
"STR-27","10027","Error Handling & Recovery","Implement comprehensive error handling and data recovery mechanisms","Task","Medium","Integration","strava,reliability","3","Strava Integration","To Do","STR","Strava Vagabond","admin","2025-08-29T11:50:23.000Z","2025-08-29T11:50:23.000Z"
"STR-28","10028","Route Segmentation Engine","Break activities into route segments for detailed analysis","Task","High","Processing","routes,processing","4","Route Analysis","To Do","STR","Strava Vagabond","admin","2025-08-29T11:50:23.000Z","2025-08-29T11:50:23.000Z"
"STR-29","10029","PostGIS Spatial Analysis","Implement spatial analysis and operations for route processing","Task","High","Database","routes,postgis","5","Route Analysis","To Do","STR","Strava Vagabond","admin","2025-08-29T11:50:23.000Z","2025-08-29T11:50:23.000Z"
"STR-30","10030","Route Fingerprinting Algorithm","Implement feature-based fingerprinting with Douglas-Peucker","Task","High","Algorithm","routes,algorithm","6","Route Analysis","To Do","STR","Strava Vagabond","admin","2025-08-29T11:50:23.000Z","2025-08-29T11:50:23.000Z"
"STR-31","10031","Route Similarity Detection","Create route uniqueness analysis and similarity matching","Task","High","Analysis","routes,analysis","4","Route Analysis","To Do","STR","Strava Vagabond","admin","2025-08-29T11:50:23.000Z","2025-08-29T11:50:23.000Z"
"STR-32","10032","Spatial Query Optimization","Optimize spatial queries and implement efficient indexing","Task","Medium","Database","routes,performance","3","Route Analysis","To Do","STR","Strava Vagabond","admin","2025-08-29T11:50:23.000Z","2025-08-29T11:50:23.000Z"
"STR-33","10033","Bull Queue Implementation","Set up Bull queues for different job types and processing","Task","High","Infrastructure","queues,infrastructure","3","Queue System","To Do","STR","Strava Vagabond","admin","2025-08-29T11:50:23.000Z","2025-08-29T11:50:23.000Z"
"STR-34","10034","Job Processing System","Implement activity processing and route analysis job handlers","Task","High","Processing","queues,processing","4","Queue System","To Do","STR","Strava Vagabond","admin","2025-08-29T11:50:23.000Z","2025-08-29T11:50:23.000Z"
"STR-35","10035","Worker Management","Configure queue workers, implement error handling and retry logic","Task","Medium","Infrastructure","queues,management","3","Queue System","To Do","STR","Strava Vagabond","admin","2025-08-29T11:50:23.000Z","2025-08-29T11:50:23.000Z"
"STR-36","10036","Background Processing","Handle batch processing with rate limiting and progress tracking","Task","Medium","Processing","queues,batch","4","Queue System","To Do","STR","Strava Vagabond","admin","2025-08-29T11:50:23.000Z","2025-08-29T11:50:23.000Z"
"STR-37","10037","Queue Monitoring & Health","Implement queue health monitoring, alerting, and performance metrics","Task","Medium","Monitoring","queues,monitoring","2","Queue System","To Do","STR","Strava Vagabond","admin","2025-08-29T11:50:23.000Z","2025-08-29T11:50:23.000Z"
"STR-38","10038","Analytics Engine Core","Build route discovery engine and uniqueness score calculation","Task","High","Analytics","analytics,core","5","Analytics","To Do","STR","Strava Vagabond","admin","2025-08-29T11:50:23.000Z","2025-08-29T11:50:23.000Z"
"STR-39","10039","User Statistics System","Implement personal cycling statistics and trend analysis","Task","Medium","Analytics","analytics,user","4","Analytics","To Do","STR","Strava Vagabond","admin","2025-08-29T11:50:23.000Z","2025-08-29T11:50:23.000Z"
"STR-40","10040","Performance Metrics","Create route performance analysis and data aggregation","Task","Medium","Analytics","analytics,performance","3","Analytics","To Do","STR","Strava Vagabond","admin","2025-08-29T11:50:23.000Z","2025-08-29T11:50:23.000Z"
"STR-41","10041","Insight Generation","Build route recommendations and achievement system","Task","Medium","Analytics","analytics,insights","4","Analytics","To Do","STR","Strava Vagabond","admin","2025-08-29T11:50:23.000Z","2025-08-29T11:50:23.000Z"
"STR-42","10042","Data Visualization Preparation","Prepare analytics data for future frontend visualization","Task","Low","Analytics","analytics,frontend","2","Analytics","To Do","STR","Strava Vagabond","admin","2025-08-29T11:50:23.000Z","2025-08-29T11:50:23.000Z"
"STR-43","10043","Email Service Integration","Integrate email delivery service with template system","Task","Medium","Infrastructure","email,infrastructure","3","Email System","To Do","STR","Strava Vagabond","admin","2025-08-29T11:50:23.000Z","2025-08-29T11:50:23.000Z"
"STR-44","10044","Template Management System","Create email template system with personalization support","Task","Medium","Infrastructure","email,templates","3","Email System","To Do","STR","Strava Vagabond","admin","2025-08-29T11:50:23.000Z","2025-08-29T11:50:23.000Z"
"STR-45","10045","Notification Engine","Implement ride summaries, achievements, and system notifications","Task","Medium","Infrastructure","email,notifications","4","Email System","To Do","STR","Strava Vagabond","admin","2025-08-29T11:50:23.000Z","2025-08-29T11:50:23.000Z"
"STR-46","10046","User Preference Management","Create customizable notification settings and delivery preferences","Task","Low","Infrastructure","email,preferences","2","Email System","To Do","STR","Strava Vagabond","admin","2025-08-29T11:50:23.000Z","2025-08-29T11:50:23.000Z"
"STR-47","10047","Email Delivery Optimization","Implement delivery tracking and optimization for reliability","Task","Low","Infrastructure","email,delivery","2","Email System","To Do","STR","Strava Vagabond","admin","2025-08-29T11:50:23.000Z","2025-08-29T11:50:23.000Z"
"STR-48","10048","PII Protection Implementation","Complete PII protection in logging and data handling","Task","High","Security","security,privacy","4","Security","To Do","STR","Strava Vagabond","admin","2025-08-29T11:50:23.000Z","2025-08-29T11:50:23.000Z"
"STR-49","10049","Data Encryption System","Implement database encryption and key management","Task","High","Security","security,encryption","3","Security","To Do","STR","Strava Vagabond","admin","2025-08-29T11:50:23.000Z","2025-08-29T11:50:23.000Z"
"STR-50","10050","Access Control System","Implement row-level security and permission management","Task","High","Security","security,access","4","Security","To Do","STR","Strava Vagabond","admin","2025-08-29T11:50:23.000Z","2025-08-29T11:50:23.000Z"
"STR-51","10051","Audit Logging System","Create comprehensive audit trail and logging","Task","Medium","Security","security,audit","3","Security","To Do","STR","Strava Vagabond","admin","2025-08-29T11:50:23.000Z","2025-08-29T11:50:23.000Z"
"STR-52","10052","GDPR Compliance Implementation","Implement user data rights, consent management, data retention","Task","High","Security","privacy,gdpr","5","Security","To Do","STR","Strava Vagabond","admin","2025-08-29T11:50:23.000Z","2025-08-29T11:50:23.000Z"
"STR-53","10053","Privacy Policy & Documentation","Create comprehensive privacy documentation and user notices","Task","Low","Documentation","privacy,documentation","2","Security","To Do","STR","Strava Vagabond","admin","2025-08-29T11:50:23.000Z","2025-08-29T11:50:23.000Z"
"STR-54","10054","Unit Testing Implementation","Create comprehensive unit tests for all components","Task","High","Testing","testing,unit","8","Testing","To Do","STR","Strava Vagabond","admin","2025-08-29T11:50:23.000Z","2025-08-29T11:50:23.000Z"
"STR-55","10055","Integration Testing","Implement end-to-end integration testing for all systems","Task","High","Testing","testing,integration","6","Testing","To Do","STR","Strava Vagabond","admin","2025-08-29T11:50:23.000Z","2025-08-29T11:50:23.000Z"
"STR-56","10056","Performance Testing","Conduct load testing and performance validation","Task","Medium","Testing","testing,performance","4","Testing","To Do","STR","Strava Vagabond","admin","2025-08-29T11:50:23.000Z","2025-08-29T11:50:23.000Z"
"STR-57","10057","Security Testing","Perform security vulnerability testing and penetration testing","Task","High","Testing","testing,security","4","Testing","To Do","STR","Strava Vagabond","admin","2025-08-29T11:50:23.000Z","2025-08-29T11:50:23.000Z"
"STR-58","10058","User Acceptance Testing","Conduct real user testing and gather feedback","Task","Medium","Testing","testing,uat","6","Testing","To Do","STR","Strava Vagabond","admin","2025-08-29T11:50:23.000Z","2025-08-29T11:50:23.000Z"
"STR-59","10059","CI/CD Pipeline Setup","Configure automated testing and deployment pipeline","Task","Medium","DevOps","testing,automation","4","Testing","To Do","STR","Strava Vagabond","admin","2025-08-29T11:50:23.000Z","2025-08-29T11:50:23.000Z"
"STR-60","10060","Production Environment Setup","Configure production servers, databases, and infrastructure","Task","High","DevOps","deployment,infrastructure","6","Production","To Do","STR","Strava Vagabond","admin","2025-08-29T11:50:23.000Z","2025-08-29T11:50:23.000Z"
"STR-61","10061","Production Monitoring","Set up production monitoring, alerting, and health checks","Task","High","DevOps","deployment,monitoring","4","Production","To Do","STR","Strava Vagabond","admin","2025-08-29T11:50:23.000Z","2025-08-29T11:50:23.000Z"
"STR-62","10062","Production Logging","Configure production logging and log management systems","Task","Medium","DevOps","deployment,logging","3","Production","To Do","STR","Strava Vagabond","admin","2025-08-29T11:50:23.000Z","2025-08-29T11:50:23.000Z"
"STR-63","10063","Backup & Recovery Systems","Implement automated backup and disaster recovery","Task","Medium","DevOps","deployment,backup","3","Production","To Do","STR","Strava Vagabond","admin","2025-08-29T11:50:23.000Z","2025-08-29T11:50:23.000Z"
"STR-64","10064","SSL/TLS Configuration","Configure secure connections and certificates","Task","Medium","DevOps","deployment,security","2","Production","To Do","STR","Strava Vagabond","admin","2025-08-29T11:50:23.000Z","2025-08-29T11:50:23.000Z"
"STR-65","10065","Application Deployment","Deploy application and configure production environment","Task","High","DevOps","deployment,app","4","Production","To Do","STR","Strava Vagabond","admin","2025-08-29T11:50:23.000Z","2025-08-29T11:50:23.000Z"
"STR-66","10066","Production Health Monitoring","Monitor application health and performance in production","Task","Medium","DevOps","deployment,health","2","Production","To Do","STR","Strava Vagabond","admin","2025-08-29T11:50:23.000Z","2025-08-29T11:50:23.000Z"
"STR-67","10067","Rollback Procedures","Create deployment rollback and emergency procedures","Task","Low","DevOps","deployment,rollback","2","Production","To Do","STR","Strava Vagabond","admin","2025-08-29T11:50:23.000Z","2025-08-29T11:50:23.000Z"
"STR-68","10068","Go-Live Activities","Final production validation and user onboarding","Task","High","DevOps","deployment,golive","4","Production","To Do","STR","Strava Vagabond","admin","2025-08-29T11:50:23.000Z","2025-08-29T11:50:23.000Z"
"STR-69","10069","User Onboarding Support","Support first users and gather initial feedback","Task","Medium","DevOps","deployment,users","6","Production","To Do","STR","Strava Vagabond","admin","2025-08-29T11:50:23.000Z","2025-08-29T11:50:23.000Z"
"STR-70","10070","Performance Optimization","Optimize based on real-world usage and performance data","Task","Medium","DevOps","deployment,optimization","4","Production","To Do","STR","Strava Vagabond","admin","2025-08-29T11:50:23.000Z","2025-08-29T11:50:23.000Z"
"STR-71","10071","User Feedback Collection","Gather and analyze user feedback for improvements","Task","Low","DevOps","deployment,feedback","3","Production","To Do","STR","Strava Vagabond","admin","2025-08-29T11:50:23.000Z","2025-08-29T11:50:23.000Z"
"STR-72","10072","Bug Fixes & Issues","Address any discovered issues and implement fixes","Task","Medium","DevOps","deployment,maintenance","4","Production","To Do","STR","Strava Vagabond","admin","2025-08-29T11:50:23.000Z","2025-08-29T11:50:23.000Z"
"STR-73","10073","Documentation Updates","Update user and technical documentation based on feedback","Task","Low","Documentation","deployment,documentation","3","Production","To Do","STR","Strava Vagabond","admin","2025-08-29T11:50:23.000Z","2025-08-29T11:50:23.000Z"
"STR-74","10074","Post-Launch Planning","Plan next development phases and feature roadmap","Task","Low","Documentation","deployment,planning","2","Production","To Do","STR","Strava Vagabond","admin","2025-08-29T11:50:23.000Z","2025-08-29T11:50:23.000Z"
